-- phpMyAdmin SQL Dump
-- version 5.2.0
-- https://www.phpmyadmin.net/
--
-- Host: localhost
-- Generation Time: Jan 30, 2024 at 10:38 AM
-- Server version: 8.0.32-0ubuntu0.22.04.2
-- PHP Version: 8.2.9

SET SQL_MODE = "NO_AUTO_VALUE_ON_ZERO";
START TRANSACTION;
SET time_zone = "+00:00";


/*!40101 SET @OLD_CHARACTER_SET_CLIENT=@@CHARACTER_SET_CLIENT */;
/*!40101 SET @OLD_CHARACTER_SET_RESULTS=@@CHARACTER_SET_RESULTS */;
/*!40101 SET @OLD_COLLATION_CONNECTION=@@COLLATION_CONNECTION */;
/*!40101 SET NAMES utf8mb4 */;

--
-- Database: `forma_db`
--

-- --------------------------------------------------------

--
-- Table structure for table `answers`
--

CREATE TABLE `answers` (
  `id` bigint UNSIGNED NOT NULL,
  `student_id` bigint UNSIGNED NOT NULL,
  `question_id` bigint UNSIGNED NOT NULL,
  `assessment_id` bigint UNSIGNED NOT NULL,
  `created_at` timestamp NULL DEFAULT NULL,
  `updated_at` timestamp NULL DEFAULT NULL
) ENGINE=InnoDB DEFAULT CHARSET=utf8mb4 COLLATE=utf8mb4_unicode_ci;

-- --------------------------------------------------------

--
-- Table structure for table `assessments`
--

CREATE TABLE `assessments` (
  `id` bigint UNSIGNED NOT NULL,
  `title` varchar(255) COLLATE utf8mb4_unicode_ci NOT NULL,
  `value` int NOT NULL,
  `description` tinytext COLLATE utf8mb4_unicode_ci NOT NULL,
  `created_at` timestamp NULL DEFAULT NULL,
  `updated_at` timestamp NULL DEFAULT NULL
) ENGINE=InnoDB DEFAULT CHARSET=utf8mb4 COLLATE=utf8mb4_unicode_ci;

--
-- Dumping data for table `assessments`
--

INSERT INTO `assessments` (`id`, `title`, `value`, `description`, `created_at`, `updated_at`) VALUES
(1, 'Незадовољавајуће ', 0, 'Ученик није умео да да одговор ни на основном нивоу.', '2024-01-04 18:38:20', '2024-01-04 18:38:20'),
(2, 'Делимично', 1, 'Ученик је дао одговор који није у потпуности задовољавајућ, али разуме до одређене мере.', '2024-01-04 18:40:34', '2024-01-04 18:40:34'),
(3, 'Добро', 2, 'Ученик је дао задовољавајућ одговор', '2024-01-04 18:40:34', '2024-01-04 18:40:34');

-- --------------------------------------------------------

--
-- Table structure for table `class_departments`
--

CREATE TABLE `class_departments` (
  `id` bigint UNSIGNED NOT NULL,
  `name` varchar(255) COLLATE utf8mb4_unicode_ci NOT NULL,
  `year` int NOT NULL,
  `created_at` timestamp NULL DEFAULT NULL,
  `updated_at` timestamp NULL DEFAULT NULL
) ENGINE=InnoDB DEFAULT CHARSET=utf8mb4 COLLATE=utf8mb4_unicode_ci;

--
-- Dumping data for table `class_departments`
--

INSERT INTO `class_departments` (`id`, `name`, `year`, `created_at`, `updated_at`) VALUES
(1, 'VII-1', 2010, '2024-01-02 13:51:50', '2024-01-02 13:53:17'),
(2, 'VII-2', 2010, '2024-01-02 13:53:07', '2024-01-02 13:53:07'),
(3, 'VII-3', 2010, '2024-01-02 13:53:07', '2024-01-02 13:53:07'),
(4, 'VII-4', 2010, '2024-01-02 13:53:07', '2024-01-02 13:53:07'),
(5, 'VIII-1', 2009, '2024-01-02 13:53:07', '2024-01-02 13:53:07'),
(6, 'VIII-2', 2009, '2024-01-02 13:53:07', '2024-01-02 13:53:07'),
(7, 'VIII-3', 2009, '2024-01-02 13:53:07', '2024-01-02 13:53:07'),
(8, 'VIII-4', 2009, '2024-01-02 13:53:07', '2024-01-02 13:53:07');

-- --------------------------------------------------------

--
-- Table structure for table `failed_jobs`
--

CREATE TABLE `failed_jobs` (
  `id` bigint UNSIGNED NOT NULL,
  `uuid` varchar(255) COLLATE utf8mb4_unicode_ci NOT NULL,
  `connection` text COLLATE utf8mb4_unicode_ci NOT NULL,
  `queue` text COLLATE utf8mb4_unicode_ci NOT NULL,
  `payload` longtext COLLATE utf8mb4_unicode_ci NOT NULL,
  `exception` longtext COLLATE utf8mb4_unicode_ci NOT NULL,
  `failed_at` timestamp NOT NULL DEFAULT CURRENT_TIMESTAMP
) ENGINE=InnoDB DEFAULT CHARSET=utf8mb4 COLLATE=utf8mb4_unicode_ci;

-- --------------------------------------------------------

--
-- Table structure for table `migrations`
--

CREATE TABLE `migrations` (
  `id` int UNSIGNED NOT NULL,
  `migration` varchar(255) COLLATE utf8mb4_unicode_ci NOT NULL,
  `batch` int NOT NULL
) ENGINE=InnoDB DEFAULT CHARSET=utf8mb4 COLLATE=utf8mb4_unicode_ci;

--
-- Dumping data for table `migrations`
--

INSERT INTO `migrations` (`id`, `migration`, `batch`) VALUES
(1, '2014_10_12_000000_create_users_table', 1),
(2, '2014_10_12_100000_create_password_reset_tokens_table', 1),
(3, '2019_08_19_000000_create_failed_jobs_table', 1),
(4, '2019_12_14_000001_create_personal_access_tokens_table', 1),
(9, '2024_01_02_115424_create_class_departments_table', 2),
(11, '2024_01_03_205832_create_units_table', 3),
(12, '2024_01_03_205842_create_themes_table', 3),
(13, '2024_01_03_210231_create_subjects_table', 3),
(17, '2024_01_04_182632_create_assessments_table', 5),
(20, '2024_01_03_211927_create_answers_table', 6),
(22, '2024_01_18_215056_create_outcome_question_table', 7),
(23, '2024_01_18_214640_create_outcomes_table', 8),
(24, '2024_01_03_205821_create_questions_table', 9),
(25, '2024_01_01_192927_create_students_table', 10);

-- --------------------------------------------------------

--
-- Table structure for table `outcomes`
--

CREATE TABLE `outcomes` (
  `id` bigint UNSIGNED NOT NULL,
  `unit_id` bigint UNSIGNED NOT NULL,
  `order_number` int NOT NULL DEFAULT '1',
  `description` text COLLATE utf8mb4_unicode_ci NOT NULL,
  `created_at` timestamp NULL DEFAULT NULL,
  `updated_at` timestamp NULL DEFAULT NULL
) ENGINE=InnoDB DEFAULT CHARSET=utf8mb4 COLLATE=utf8mb4_unicode_ci;

--
-- Dumping data for table `outcomes`
--

INSERT INTO `outcomes` (`id`, `unit_id`, `order_number`, `description`, `created_at`, `updated_at`) VALUES
(32, 2, 1, 'Уме да дефинише валенцу', '2024-01-24 21:00:00', '2024-01-24 21:00:00'),
(33, 2, 1, 'Уме да израчуна валенцу атома у молекулу', '2024-01-24 22:09:34', '2024-01-24 22:09:34'),
(40, 7, 1, 'дефинише алкане', '2024-01-29 11:31:03', '2024-01-29 11:31:03'),
(41, 7, 3, 'наведе општу формулу алкана и препозна алкане по молекулској формули', '2024-01-29 11:32:53', '2024-01-29 11:32:53'),
(42, 7, 4, 'изведе формуле и називе алкил-група из одговарајућих формула алкана', '2024-01-29 11:40:24', '2024-01-29 11:40:24'),
(43, 7, 5, 'напише формуле и називе алкана по IUPAC-овој номенклатури', '2024-01-29 11:42:56', '2024-01-29 11:42:56'),
(44, 7, 2, 'препозна алкане по структури молекула и структурној формули', '2024-01-29 11:54:35', '2024-01-29 11:54:35');

-- --------------------------------------------------------

--
-- Table structure for table `outcome_question`
--

CREATE TABLE `outcome_question` (
  `id` bigint UNSIGNED NOT NULL,
  `question_id` int NOT NULL,
  `outcome_id` int NOT NULL
) ENGINE=InnoDB DEFAULT CHARSET=utf8mb4 COLLATE=utf8mb4_unicode_ci;

--
-- Dumping data for table `outcome_question`
--

INSERT INTO `outcome_question` (`id`, `question_id`, `outcome_id`) VALUES
(65, 67, 33),
(66, 68, 33),
(70, 72, 32),
(71, 73, 40),
(72, 74, 44),
(73, 75, 41),
(74, 76, 41),
(75, 77, 42),
(76, 78, 42),
(77, 79, 43),
(78, 80, 43),
(79, 81, 43);

-- --------------------------------------------------------

--
-- Table structure for table `password_reset_tokens`
--

CREATE TABLE `password_reset_tokens` (
  `email` varchar(255) COLLATE utf8mb4_unicode_ci NOT NULL,
  `token` varchar(255) COLLATE utf8mb4_unicode_ci NOT NULL,
  `created_at` timestamp NULL DEFAULT NULL
) ENGINE=InnoDB DEFAULT CHARSET=utf8mb4 COLLATE=utf8mb4_unicode_ci;

-- --------------------------------------------------------

--
-- Table structure for table `personal_access_tokens`
--

CREATE TABLE `personal_access_tokens` (
  `id` bigint UNSIGNED NOT NULL,
  `tokenable_type` varchar(255) COLLATE utf8mb4_unicode_ci NOT NULL,
  `tokenable_id` bigint UNSIGNED NOT NULL,
  `name` varchar(255) COLLATE utf8mb4_unicode_ci NOT NULL,
  `token` varchar(64) COLLATE utf8mb4_unicode_ci NOT NULL,
  `abilities` text COLLATE utf8mb4_unicode_ci,
  `last_used_at` timestamp NULL DEFAULT NULL,
  `expires_at` timestamp NULL DEFAULT NULL,
  `created_at` timestamp NULL DEFAULT NULL,
  `updated_at` timestamp NULL DEFAULT NULL
) ENGINE=InnoDB DEFAULT CHARSET=utf8mb4 COLLATE=utf8mb4_unicode_ci;

-- --------------------------------------------------------

--
-- Table structure for table `questions`
--

CREATE TABLE `questions` (
  `id` bigint UNSIGNED NOT NULL,
  `description` text COLLATE utf8mb4_unicode_ci NOT NULL,
  `created_at` timestamp NULL DEFAULT NULL,
  `updated_at` timestamp NULL DEFAULT NULL
) ENGINE=InnoDB DEFAULT CHARSET=utf8mb4 COLLATE=utf8mb4_unicode_ci;

--
-- Dumping data for table `questions`
--

INSERT INTO `questions` (`id`, `description`, `created_at`, `updated_at`) VALUES
(67, 'Израчунај валенцу свих атома у молекулу P2O5', '2024-01-25 17:40:00', '2024-01-25 17:40:00'),
(68, 'Одреди валенцу у молекулу воде', '2024-01-25 19:43:17', '2024-01-25 19:43:17'),
(72, 'Дефиниши валенцу', '2024-01-25 21:07:37', '2024-01-25 21:07:37'),
(73, 'Дефиниши алкане', '2024-01-29 12:03:03', '2024-01-29 12:03:03'),
(74, 'Међу понуђеним структурним формулама препознај алкане (дати структурне формуле једињења чији су називи наведени):\nа) етен (или неки други алкен)  б) етин (или неки други алкин) в) етанол (или неко друго кисеонично једињење)  г) етан (или неки други алкан)', '2024-01-29 12:05:04', '2024-01-29 12:05:04'),
(75, 'Наведи општу формулу алкана и објасни је.', '2024-01-29 12:06:30', '2024-01-29 12:06:30'),
(76, 'Међу понуђеним молекулима нађи алкане:\nа) C2H4   b) C4H10   c) C5H8', '2024-01-29 12:07:31', '2024-01-29 12:07:31'),
(77, 'Како се називају следеће алкил групе:\nа) -CH3    b) -CH2CH3   c) -CH2CH2CH3', '2024-01-29 12:08:36', '2024-01-29 12:08:36'),
(78, 'Напиши формулу етил групе. Од ког алкана се она добија?', '2024-01-29 12:09:49', '2024-01-29 12:09:49'),
(79, 'Дај назив према IUPAC номенклатури за молекул CH3CH2CH2CH2CH3', '2024-01-29 12:14:38', '2024-01-29 12:14:38'),
(80, 'Дај назив према IUPAC номенклатури следећем молекулу:\n(овде написати ученику структурну формулу 2-метилбутана или сличног алкана са једном бочном групом)', '2024-01-29 12:19:06', '2024-01-29 12:19:06'),
(81, 'Дај назив према IUPAC номенклатури следећем молекулу:\n(овде написати ученику структурну формулу 2,3-диметилхексана или сличног алкана са две бочне групе', '2024-01-29 12:19:34', '2024-01-29 12:19:34');

-- --------------------------------------------------------

--
-- Table structure for table `students`
--

CREATE TABLE `students` (
  `id` bigint UNSIGNED NOT NULL,
  `class_department_id` bigint UNSIGNED NOT NULL,
  `first_name` varchar(255) COLLATE utf8mb4_unicode_ci NOT NULL,
  `last_name` varchar(255) COLLATE utf8mb4_unicode_ci NOT NULL,
  `id_num` varchar(255) COLLATE utf8mb4_unicode_ci NOT NULL,
  `created_at` timestamp NULL DEFAULT CURRENT_TIMESTAMP,
  `updated_at` timestamp NULL DEFAULT CURRENT_TIMESTAMP
) ENGINE=InnoDB DEFAULT CHARSET=utf8mb4 COLLATE=utf8mb4_unicode_ci;

--
-- Dumping data for table `students`
--

INSERT INTO `students` (`id`, `class_department_id`, `first_name`, `last_name`, `id_num`, `created_at`, `updated_at`) VALUES
(1, 1, 'Теа', 'Денковић', '0150121', '2024-01-21 18:27:52', '2024-01-21 18:27:52'),
(2, 1, 'Никола', 'Димић', '0250121', '2024-01-21 18:27:52', '2024-01-21 18:27:52'),
(3, 1, 'Јован', 'Казаковић', '0350121', '2024-01-21 18:27:52', '2024-01-21 18:27:52'),
(4, 1, 'Дана', 'Марковић', '0450121', '2024-01-21 18:27:52', '2024-01-21 18:27:52'),
(5, 1, 'Ката', 'Марковић', '0550121', '2024-01-21 18:27:52', '2024-01-21 18:27:52'),
(6, 1, 'Ивана', 'Мемаровић', '0750121', '2024-01-21 18:27:52', '2024-01-21 18:27:52'),
(7, 1, 'Стефан', 'Миловић', '0850121', '2024-01-21 18:27:52', '2024-01-21 18:27:52'),
(8, 1, 'Милутин', 'Милојевић', '0950121', '2024-01-21 18:27:52', '2024-01-21 18:27:52'),
(9, 1, 'Вук', 'Митровић', '1150121', '2024-01-21 18:27:52', '2024-01-21 18:27:52'),
(10, 1, 'Огњен', 'Ненков', '1250121', '2024-01-21 18:27:52', '2024-01-21 18:27:52'),
(11, 1, 'Стефан', 'Николић', '1350121', '2024-01-21 18:27:52', '2024-01-21 18:27:52'),
(12, 1, 'Емилија', 'Никшић', '1450121', '2024-01-21 18:27:52', '2024-01-21 18:27:52'),
(13, 1, 'Миљана', 'Првановић', '1550121', '2024-01-21 18:27:52', '2024-01-21 18:27:52'),
(14, 1, 'Нађа', 'Првановић', '1650121', '2024-01-21 18:27:52', '2024-01-21 18:27:52'),
(15, 1, 'Јелена', 'Рибаћ', '1750121', '2024-01-21 18:27:52', '2024-01-21 18:27:52'),
(16, 1, 'Богдан', 'Ристић', '1850121', '2024-01-21 18:27:52', '2024-01-21 18:27:52'),
(17, 1, 'Урош', 'Спајић', '1950121', '2024-01-21 18:27:52', '2024-01-21 18:27:52'),
(18, 1, 'Ива', 'Сталетић', '2050121', '2024-01-21 18:27:52', '2024-01-21 18:27:52'),
(19, 1, 'Димитрије', 'Стојановић', '2150121', '2024-01-21 18:27:52', '2024-01-21 18:27:52'),
(20, 1, 'Михајло', 'Стојковић', '2250121', '2024-01-21 18:27:52', '2024-01-21 18:27:52'),
(21, 1, 'Реља', 'Траиловић', '2350121', '2024-01-21 18:27:52', '2024-01-21 18:27:52'),
(22, 1, 'Тијана', 'Цветковић', '2550121', '2024-01-21 18:27:52', '2024-01-21 18:27:52'),
(23, 1, 'Филип', 'Цветковић', '2650121', '2024-01-21 18:27:52', '2024-01-21 18:27:52'),
(24, 2, 'Љубица', 'Батинић', '0150221', '2024-01-21 18:33:14', '2024-01-21 18:33:14'),
(25, 2, 'Николина', 'Брадиловић', '0250221', '2024-01-21 18:33:14', '2024-01-21 18:33:14'),
(26, 2, 'Ивона', 'Ђокић', '0350221', '2024-01-21 18:33:14', '2024-01-21 18:33:14'),
(27, 2, 'Илија', 'Јаношевић', '0450221', '2024-01-21 18:33:14', '2024-01-21 18:33:14'),
(28, 2, 'Емили', 'Јовановић', '0550221', '2024-01-21 18:33:14', '2024-01-21 18:33:14'),
(29, 2, 'Михајло', 'Комненовић', '0650221', '2024-01-21 18:33:14', '2024-01-21 18:33:14'),
(30, 2, 'Бозедар', 'Костић', '0750221', '2024-01-21 18:33:14', '2024-01-21 18:33:14'),
(31, 2, 'Андријана', 'Лакић', '0850221', '2024-01-21 18:33:14', '2024-01-21 18:33:14'),
(32, 2, 'Вук', 'Миловановић', '0950221', '2024-01-21 18:33:14', '2024-01-21 18:33:14'),
(33, 2, 'Далибор', 'Мирковић', '1050221', '2024-01-21 18:33:14', '2024-01-21 18:33:14'),
(34, 2, 'Лена', 'Мићовић', '1150221', '2024-01-21 18:33:14', '2024-01-21 18:33:14'),
(35, 2, 'Милица', 'Новаковић', '1250221', '2024-01-21 18:33:14', '2024-01-21 18:33:14'),
(36, 2, 'Миа', 'Павловић', '1350221', '2024-01-21 18:33:14', '2024-01-21 18:33:14'),
(37, 2, 'Михајло', 'Пантић', '1450221', '2024-01-21 18:33:14', '2024-01-21 18:33:14'),
(38, 2, 'Миодраг', 'Панчић', '1550221', '2024-01-21 18:33:14', '2024-01-21 18:33:14'),
(39, 2, 'Матеја', 'Путник', '1650221', '2024-01-21 18:33:14', '2024-01-21 18:33:14'),
(40, 2, 'Андрија', 'Рангелов', '1750221', '2024-01-21 18:33:14', '2024-01-21 18:33:14'),
(41, 2, 'Нина', 'Ранисављевић', '1850221', '2024-01-21 18:33:14', '2024-01-21 18:33:14'),
(42, 2, 'Ена', 'Русалић', '1950221', '2024-01-21 18:33:14', '2024-01-21 18:33:14'),
(43, 2, 'Лана', 'Русалић', '2050221', '2024-01-21 18:33:14', '2024-01-21 18:33:14'),
(44, 2, 'Сара', 'Сенић', '2250221', '2024-01-21 18:33:14', '2024-01-21 18:33:14'),
(45, 2, 'Страхиња', 'Симовић', '2350221', '2024-01-21 18:33:14', '2024-01-21 18:33:14'),
(46, 2, 'Виктор', 'Сретеновић', '2450221', '2024-01-21 18:33:14', '2024-01-21 18:33:14'),
(47, 2, 'Лазар', 'Урошевић', '2650221', '2024-01-21 18:33:14', '2024-01-21 18:33:14'),
(48, 3, 'Ирена', 'Аритоновић', '0150321', '2024-01-21 18:35:51', '2024-01-21 18:35:51'),
(49, 3, 'Марко', 'Величковић', '0250321', '2024-01-21 18:35:51', '2024-01-21 18:35:51'),
(50, 3, 'Ива', 'Димитријевић', '0350321', '2024-01-21 18:35:51', '2024-01-21 18:35:51'),
(51, 3, 'Јован', 'Димитријевић', '0450321', '2024-01-21 18:35:51', '2024-01-21 18:35:51'),
(52, 3, 'Теодора', 'Ђекић', '0550321', '2024-01-21 18:35:51', '2024-01-21 18:35:51'),
(53, 3, 'Данијел', 'Ђорђевић', '0750321', '2024-01-21 18:35:51', '2024-01-21 18:35:51'),
(54, 3, 'Милан', 'Јанковић', '0850321', '2024-01-21 18:35:51', '2024-01-21 18:35:51'),
(55, 3, 'Стефан', 'Јовановић', '0950321', '2024-01-21 18:35:51', '2024-01-21 18:35:51'),
(56, 3, 'Вук', 'Јокић', '1050321', '2024-01-21 18:35:51', '2024-01-21 18:35:51'),
(57, 3, 'Михајло', 'Казаковић', '1150321', '2024-01-21 18:35:51', '2024-01-21 18:35:51'),
(58, 3, 'Матеја', 'Микић', '2970323', '2024-01-21 18:35:51', '2024-01-21 18:35:51'),
(59, 3, 'Павле', 'Миленковић', '1350321', '2024-01-21 18:35:51', '2024-01-21 18:35:51'),
(60, 3, 'Тијана', 'Миљевић', '1450321', '2024-01-21 18:35:51', '2024-01-21 18:35:51'),
(61, 3, 'Лука', 'Опачић', '1550321', '2024-01-21 18:35:51', '2024-01-21 18:35:51'),
(62, 3, 'Катарина', 'Павићевић', '1650321', '2024-01-21 18:35:51', '2024-01-21 18:35:51'),
(63, 3, 'Драгиша', 'Петровић', '1850321', '2024-01-21 18:35:51', '2024-01-21 18:35:51'),
(64, 3, 'Александар', 'Петровић Вавић', '1950321', '2024-01-21 18:35:51', '2024-01-21 18:35:51'),
(65, 3, 'Душан', 'Поповић', '2050321', '2024-01-21 18:35:51', '2024-01-21 18:35:51'),
(66, 3, 'Неда', 'Радисављевић', '2150321', '2024-01-21 18:35:51', '2024-01-21 18:35:51'),
(67, 3, 'Никола', 'Радисављевић', '2250321', '2024-01-21 18:35:51', '2024-01-21 18:35:51'),
(68, 3, 'Софија', 'Сибиновски', '2350321', '2024-01-21 18:35:51', '2024-01-21 18:35:51'),
(69, 3, 'Виктор', 'Спасић', '2750322', '2024-01-21 18:35:51', '2024-01-21 18:35:51'),
(70, 3, 'Татјана', 'Страхинић', '2450321', '2024-01-21 18:35:51', '2024-01-21 18:35:51'),
(71, 3, 'Тијана', 'Страхинић', '2550321', '2024-01-21 18:35:51', '2024-01-21 18:35:51'),
(72, 3, 'Јакша', 'Ћулафић', '2650321', '2024-01-21 18:35:51', '2024-01-21 18:35:51'),
(73, 4, 'Петар', 'Алексић', '0150421', '2024-01-21 18:40:32', '2024-01-21 18:40:32'),
(74, 4, 'Исидора', 'Арсић', '0250421', '2024-01-21 18:40:32', '2024-01-21 18:40:32'),
(75, 4, 'Вук', 'Барјактаровић', '0350421', '2024-01-21 18:40:32', '2024-01-21 18:40:32'),
(76, 4, 'Уна', 'Бошковић', '0450421', '2024-01-21 18:40:32', '2024-01-21 18:40:32'),
(77, 4, 'Александар', 'Васић', '0550421', '2024-01-21 18:40:32', '2024-01-21 18:40:32'),
(78, 4, 'Ђурђа', 'Доганџић', '0850421', '2024-01-21 18:40:32', '2024-01-21 18:40:32'),
(79, 4, 'Војин', 'Ђиновић', '0950421', '2024-01-21 18:40:32', '2024-01-21 18:40:32'),
(80, 4, 'Неда', 'Живановић', '1050421', '2024-01-21 18:40:32', '2024-01-21 18:40:32'),
(81, 4, 'Марко', 'Јовановић', '1150421', '2024-01-21 18:40:32', '2024-01-21 18:40:32'),
(82, 4, 'Огњен', 'Максимовић', '1250421', '2024-01-21 18:40:32', '2024-01-21 18:40:32'),
(83, 4, 'Дамјан', 'Маринковић', '1350421', '2024-01-21 18:40:32', '2024-01-21 18:40:32'),
(84, 4, 'Виктор', 'Миловановић', '1450421', '2024-01-21 18:40:32', '2024-01-21 18:40:32'),
(85, 4, 'Вук', 'Митић', '1550421', '2024-01-21 18:40:32', '2024-01-21 18:40:32'),
(86, 4, 'Павле', 'Митровић', '1650421', '2024-01-21 18:40:32', '2024-01-21 18:40:32'),
(87, 4, 'Николина', 'Николић', '1750421', '2024-01-21 18:40:32', '2024-01-21 18:40:32'),
(88, 4, 'Василије', 'Панчић', '1850421', '2024-01-21 18:40:32', '2024-01-21 18:40:32'),
(89, 4, 'Анабела', 'Петровић', '1950421', '2024-01-21 18:40:32', '2024-01-21 18:40:32'),
(90, 4, 'Новак', 'Радовановић', '2050421', '2024-01-21 18:40:32', '2024-01-21 18:40:32'),
(91, 4, 'Александар', 'Рашић', '2150421', '2024-01-21 18:40:32', '2024-01-21 18:40:32'),
(92, 4, 'Софија', 'Станковић', '2750422', '2024-01-21 18:40:32', '2024-01-21 18:40:32'),
(93, 4, 'Јована', 'Стојановић', '2350421', '2024-01-21 18:40:32', '2024-01-21 18:40:32'),
(94, 4, 'Мирослава', 'Ћирић', '2450421', '2024-01-21 18:40:32', '2024-01-21 18:40:32'),
(95, 4, 'Лена', 'Удовички', '2550421', '2024-01-21 18:40:32', '2024-01-21 18:40:32'),
(96, 4, 'Вук', 'Ђорђевић', '2860422', '2024-01-21 18:40:32', '2024-01-21 18:40:32'),
(97, 4, 'Петар', 'Алексић', '0150421', '2024-01-21 18:40:32', '2024-01-21 18:40:32'),
(98, 5, 'Алекса', 'Анђелковић', '0150120', '2024-01-21 18:43:27', '2024-01-21 18:43:27'),
(99, 5, 'Матеја', 'Благојевић', '0250120', '2024-01-21 18:43:27', '2024-01-21 18:43:27'),
(100, 5, 'Сара', 'Бојовић', '0350120', '2024-01-21 18:43:27', '2024-01-21 18:43:27'),
(101, 5, 'Александра', 'Еггер', '-', '2024-01-21 18:43:27', '2024-01-21 18:43:27'),
(102, 5, 'Мијат', 'Јанићијевић', '0450120', '2024-01-21 18:43:27', '2024-01-21 18:43:27'),
(103, 5, 'Димитрије', 'Јанковић', '0550120', '2024-01-21 18:43:27', '2024-01-21 18:43:27'),
(104, 5, 'Бошко', 'Јоцић', '0650120', '2024-01-21 18:43:27', '2024-01-21 18:43:27'),
(105, 5, 'Милица', 'Југовић', '0750120', '2024-01-21 18:43:27', '2024-01-21 18:43:27'),
(106, 5, 'Матија', 'Марковић', '2350120', '2024-01-21 18:43:27', '2024-01-21 18:43:27'),
(107, 5, 'Наталија', 'Микић', '0850120', '2024-01-21 18:43:27', '2024-01-21 18:43:27'),
(108, 5, 'Исидора', 'Мирић', '0950120', '2024-01-21 18:43:27', '2024-01-21 18:43:27'),
(109, 5, 'Василије', 'Мудреша', '1050120', '2024-01-21 18:43:27', '2024-01-21 18:43:27'),
(110, 5, 'Нађа', 'Недељковић', '1150120', '2024-01-21 18:43:27', '2024-01-21 18:43:27'),
(111, 5, 'Стефан', 'Немчић', '1250120', '2024-01-21 18:43:27', '2024-01-21 18:43:27'),
(112, 5, 'Милица', 'Николић', '1350120', '2024-01-21 18:43:27', '2024-01-21 18:43:27'),
(113, 5, 'Николина', 'Николић', '1450120', '2024-01-21 18:43:27', '2024-01-21 18:43:27'),
(114, 5, 'Никола', 'Новаковић', '1550120', '2024-01-21 18:43:27', '2024-01-21 18:43:27'),
(115, 5, 'Ђорђе', 'Павићевић', '1650120', '2024-01-21 18:43:27', '2024-01-21 18:43:27'),
(116, 5, 'Филип', 'Павловић', '1750120', '2024-01-21 18:43:27', '2024-01-21 18:43:27'),
(117, 5, 'Александар', 'Пејић', '1850120', '2024-01-21 18:43:27', '2024-01-21 18:43:27'),
(118, 5, 'Петар', 'Поповић', '1950120', '2024-01-21 18:43:27', '2024-01-21 18:43:27'),
(119, 5, 'Богдан', 'Ранковић', '2050120', '2024-01-21 18:43:27', '2024-01-21 18:43:27'),
(120, 5, 'Давор', 'Стоиљковић', '2150120', '2024-01-21 18:43:27', '2024-01-21 18:43:27'),
(121, 5, 'Вукашин', 'Таврић', '2250120', '2024-01-21 18:43:27', '2024-01-21 18:43:27'),
(122, 5, 'Алекса', 'Анђелковић', '0150120', '2024-01-21 18:43:27', '2024-01-21 18:43:27'),
(123, 6, 'Каја', 'Андрејић', '0150220', '2024-01-21 18:45:27', '2024-01-21 18:45:27'),
(124, 6, 'Алекса', 'Анђелковић', '0250220', '2024-01-21 18:45:27', '2024-01-21 18:45:27'),
(125, 6, 'Ђурађ', 'Арсић', '0350220', '2024-01-21 18:45:27', '2024-01-21 18:45:27'),
(126, 6, 'Богдан', 'Ђулић', '0450220', '2024-01-21 18:45:27', '2024-01-21 18:45:27'),
(127, 6, 'Алекса', 'Красић', '0550220', '2024-01-21 18:45:27', '2024-01-21 18:45:27'),
(128, 6, 'Анђела', 'Крстић', '0650220', '2024-01-21 18:45:27', '2024-01-21 18:45:27'),
(129, 6, 'Маша', 'Лукић', '0850220', '2024-01-21 18:45:27', '2024-01-21 18:45:27'),
(130, 6, 'Сергеј', 'Матковић', '0950220', '2024-01-21 18:45:27', '2024-01-21 18:45:27'),
(131, 6, 'Драган', 'Миливојевић', '1050220', '2024-01-21 18:45:27', '2024-01-21 18:45:27'),
(132, 6, 'Светислав', 'Николић', '1150220', '2024-01-21 18:45:27', '2024-01-21 18:45:27'),
(133, 6, 'Матеја', 'Павловић', '1250220', '2024-01-21 18:45:27', '2024-01-21 18:45:27'),
(134, 6, 'Јаков', 'Перић', '1350220', '2024-01-21 18:45:27', '2024-01-21 18:45:27'),
(135, 6, 'Урош', 'Перић', '1450220', '2024-01-21 18:45:27', '2024-01-21 18:45:27'),
(136, 6, 'Теодора', 'Петровић', '1550220', '2024-01-21 18:45:27', '2024-01-21 18:45:27'),
(137, 6, 'Ива', 'Радић', '1650220', '2024-01-21 18:45:27', '2024-01-21 18:45:27'),
(138, 6, 'Весна', 'Станојевић', '2670222', '2024-01-21 18:45:27', '2024-01-21 18:45:27'),
(139, 6, 'Славица', 'Станојевић', '2570222', '2024-01-21 18:45:27', '2024-01-21 18:45:27'),
(140, 6, 'Филип', 'Стоиљковић', '1750220', '2024-01-21 18:45:27', '2024-01-21 18:45:27'),
(141, 6, 'Александра', 'Стокић', '1850220', '2024-01-21 18:45:27', '2024-01-21 18:45:27'),
(142, 6, 'Теодора', 'Стокић', '1950220', '2024-01-21 18:45:27', '2024-01-21 18:45:27'),
(143, 6, 'Ива', 'Трајковић', '2050220', '2024-01-21 18:45:27', '2024-01-21 18:45:27'),
(144, 6, 'Ања', 'Трифуновић', '2150220', '2024-01-21 18:45:27', '2024-01-21 18:45:27'),
(145, 6, 'Вељко', 'Чедомировић', '2250220', '2024-01-21 18:45:27', '2024-01-21 18:45:27'),
(146, 6, 'Никола', 'Шмигић', '2350220', '2024-01-21 18:45:27', '2024-01-21 18:45:27'),
(147, 7, 'Страхиња', 'Вучковић', '0150320', '2024-01-21 18:47:48', '2024-01-21 18:47:48'),
(148, 7, 'Анђела', 'Гојковић', '0250320', '2024-01-21 18:47:48', '2024-01-21 18:47:48'),
(149, 7, 'Викторија', 'Ђорђевић', '0350320', '2024-01-21 18:47:48', '2024-01-21 18:47:48'),
(150, 7, 'Страхиња', 'Јовановић', '0450320', '2024-01-21 18:47:48', '2024-01-21 18:47:48'),
(151, 7, 'Николина', 'Јовић', '0550320', '2024-01-21 18:47:48', '2024-01-21 18:47:48'),
(152, 7, 'Марко', 'Лазаревски', '0650320', '2024-01-21 18:47:48', '2024-01-21 18:47:48'),
(153, 7, 'Филип', 'Лолески', '0750320', '2024-01-21 18:47:48', '2024-01-21 18:47:48'),
(154, 7, 'Михајло', 'Малетић', '0850320', '2024-01-21 18:47:48', '2024-01-21 18:47:48'),
(155, 7, 'Илија', 'Милатовић', '0950320', '2024-01-21 18:47:48', '2024-01-21 18:47:48'),
(156, 7, 'Анита', 'Милојевић', '1050320', '2024-01-21 18:47:48', '2024-01-21 18:47:48'),
(157, 7, 'Јана', 'Митић', '1150320', '2024-01-21 18:47:48', '2024-01-21 18:47:48'),
(158, 7, 'Невена', 'Митрески', '1250320', '2024-01-21 18:47:48', '2024-01-21 18:47:48'),
(159, 7, 'Виктор', 'Николић', '1350320', '2024-01-21 18:47:48', '2024-01-21 18:47:48'),
(160, 7, 'Маријан', 'Петковић', '1450320', '2024-01-21 18:47:48', '2024-01-21 18:47:48'),
(161, 7, 'Нађа', 'Петров', '1550320', '2024-01-21 18:47:48', '2024-01-21 18:47:48'),
(162, 7, 'Урош', 'Раденковић', '1650320', '2024-01-21 18:47:48', '2024-01-21 18:47:48'),
(163, 7, 'Давид', 'Симоновић', '1750320', '2024-01-21 18:47:48', '2024-01-21 18:47:48'),
(164, 7, 'Ђорђе', 'Станимировић', '2360321', '2024-01-21 18:47:48', '2024-01-21 18:47:48'),
(165, 7, 'Алекса', 'Станковић', '1850320', '2024-01-21 18:47:48', '2024-01-21 18:47:48'),
(166, 7, 'Кристијан', 'Станковић', '1950320', '2024-01-21 18:47:48', '2024-01-21 18:47:48'),
(167, 7, 'Михајло', 'Станковић', '2050320', '2024-01-21 18:47:48', '2024-01-21 18:47:48'),
(168, 7, 'Катарина', 'Халиловић', '2480323', '2024-01-21 18:47:48', '2024-01-21 18:47:48'),
(169, 7, 'Анђела', 'Чекрлић', '2150320', '2024-01-21 18:47:48', '2024-01-21 18:47:48'),
(170, 7, 'Петар', 'Шкорић', '2250320', '2024-01-21 18:47:48', '2024-01-21 18:47:48'),
(172, 8, 'Ивана', 'Алексић', '0150420', '2024-01-21 18:53:58', '2024-01-21 18:53:58'),
(173, 8, 'Филип', 'Вучић', '0350420', '2024-01-21 18:53:58', '2024-01-21 18:53:58'),
(174, 8, 'Алекса', 'Илин', '0450420', '2024-01-21 18:53:58', '2024-01-21 18:53:58'),
(175, 8, 'Младен', 'Илић', '0550420', '2024-01-21 18:53:58', '2024-01-21 18:53:58'),
(176, 8, 'Риана', 'Јовановић', '2570423', '2024-01-21 18:53:58', '2024-01-21 18:53:58'),
(177, 8, 'Теодора', 'Јовановић', '0650420', '2024-01-21 18:53:58', '2024-01-21 18:53:58'),
(178, 8, 'Страхиња', 'Кокотовић', '0750420', '2024-01-21 18:53:58', '2024-01-21 18:53:58'),
(179, 8, 'Бојан', 'Лазић', '0850420', '2024-01-21 18:53:58', '2024-01-21 18:53:58'),
(180, 8, 'Јана', 'Марковић', '0950420', '2024-01-21 18:53:58', '2024-01-21 18:53:58'),
(181, 8, 'Марко', 'Марковић', '1050420', '2024-01-21 18:53:58', '2024-01-21 18:53:58'),
(182, 8, 'Матеја', 'Марковић', '1150420', '2024-01-21 18:53:58', '2024-01-21 18:53:58'),
(183, 8, 'Никола', 'Маслаћ', '1250420', '2024-01-21 18:53:58', '2024-01-21 18:53:58'),
(184, 8, 'Стефан', 'Милошевић', '1350420', '2024-01-21 18:53:58', '2024-01-21 18:53:58'),
(185, 8, 'Анђелка', 'Мирић', '1450420', '2024-01-21 18:53:58', '2024-01-21 18:53:58'),
(186, 8, 'Исидора', 'Мирковић', '2470423', '2024-01-21 18:53:58', '2024-01-21 18:53:58'),
(187, 8, 'Михајло', 'Недељковић', '1550420', '2024-01-21 18:53:58', '2024-01-21 18:53:58'),
(188, 8, 'Андреја', 'Несторовић', '0850120', '2024-01-21 18:53:58', '2024-01-21 18:53:58'),
(189, 8, 'Милан', 'Николић', '1650420', '2024-01-21 18:53:58', '2024-01-21 18:53:58'),
(190, 8, 'Андрија', 'Поповић', '1750420', '2024-01-21 18:53:58', '2024-01-21 18:53:58'),
(191, 8, 'Анђела', 'Радивојевић', '1850420', '2024-01-21 18:53:58', '2024-01-21 18:53:58'),
(192, 8, 'Ивана', 'Ранђеловић', '1950420', '2024-01-21 18:53:58', '2024-01-21 18:53:58'),
(193, 8, 'Алекса', 'Русалић', '2050420', '2024-01-21 18:53:58', '2024-01-21 18:53:58'),
(194, 8, 'Милош', 'Савић', '2150420', '2024-01-21 18:53:58', '2024-01-21 18:53:58'),
(195, 8, 'Сара', 'Ћирковић', '2250420', '2024-01-21 18:53:58', '2024-01-21 18:53:58');

-- --------------------------------------------------------

--
-- Table structure for table `subjects`
--

CREATE TABLE `subjects` (
  `id` bigint UNSIGNED NOT NULL,
  `title` varchar(255) COLLATE utf8mb4_unicode_ci NOT NULL,
  `created_at` timestamp NULL DEFAULT NULL,
  `updated_at` timestamp NULL DEFAULT NULL
) ENGINE=InnoDB DEFAULT CHARSET=utf8mb4 COLLATE=utf8mb4_unicode_ci;

--
-- Dumping data for table `subjects`
--

INSERT INTO `subjects` (`id`, `title`, `created_at`, `updated_at`) VALUES
(1, 'Hemija 7', '2024-01-03 20:33:19', '2024-01-03 20:33:19'),
(2, 'Hemija 8', '2024-01-14 21:12:50', '2024-01-14 21:12:50');

-- --------------------------------------------------------

--
-- Table structure for table `themes`
--

CREATE TABLE `themes` (
  `id` bigint UNSIGNED NOT NULL,
  `subject_id` bigint UNSIGNED NOT NULL,
  `title` varchar(255) COLLATE utf8mb4_unicode_ci NOT NULL,
  `created_at` timestamp NULL DEFAULT NULL,
  `updated_at` timestamp NULL DEFAULT NULL
) ENGINE=InnoDB DEFAULT CHARSET=utf8mb4 COLLATE=utf8mb4_unicode_ci;

--
-- Dumping data for table `themes`
--

INSERT INTO `themes` (`id`, `subject_id`, `title`, `created_at`, `updated_at`) VALUES
(1, 1, 'Молекули и хемијска веза', '2024-01-03 20:34:49', '2024-01-03 20:34:49'),
(2, 1, 'Хомогене и хетерогене смеше', '2024-01-04 21:59:58', '2024-01-04 21:59:58'),
(3, 2, 'Метали у живој и неживој природи', '2024-01-15 18:14:29', '2024-01-15 18:14:29'),
(4, 2, 'Неметали, оксиди неметала и киселине', '2024-01-15 18:24:55', '2024-01-15 18:24:55'),
(5, 2, 'Соли, добијање, својства и примена', '2024-01-15 19:45:19', '2024-01-15 19:45:19'),
(6, 2, 'Органска једињења и њихова општа својства', '2024-01-21 20:03:35', '2024-01-21 20:03:35'),
(7, 2, 'Угљоводоници', '2024-01-21 20:04:09', '2024-01-21 20:04:09');

-- --------------------------------------------------------

--
-- Table structure for table `units`
--

CREATE TABLE `units` (
  `id` bigint UNSIGNED NOT NULL,
  `theme_id` bigint UNSIGNED NOT NULL,
  `title` varchar(255) COLLATE utf8mb4_unicode_ci NOT NULL,
  `created_at` timestamp NULL DEFAULT NULL,
  `updated_at` timestamp NULL DEFAULT NULL
) ENGINE=InnoDB DEFAULT CHARSET=utf8mb4 COLLATE=utf8mb4_unicode_ci;

--
-- Dumping data for table `units`
--

INSERT INTO `units` (`id`, `theme_id`, `title`, `created_at`, `updated_at`) VALUES
(1, 1, 'Јонска веза', '2024-01-03 20:45:32', '2024-01-03 20:45:32'),
(2, 1, 'Валенца', '2024-01-04 17:05:59', '2024-01-04 17:05:59'),
(3, 1, 'Кристална решетка', '2024-01-08 23:40:50', '2024-01-08 23:40:50'),
(4, 2, 'Смеше, хомогене и хетерогене', '2024-01-15 21:23:53', '2024-01-15 21:23:53'),
(5, 2, 'Раствори', '2024-01-15 21:24:42', '2024-01-15 21:24:42'),
(6, 7, 'Угљоводоници – структура и класификација', '2024-01-21 20:07:42', '2024-01-21 20:07:42'),
(7, 7, 'Засићени угљоводоници – алкани', '2024-01-21 20:07:42', '2024-01-21 20:07:42');

-- --------------------------------------------------------

--
-- Table structure for table `users`
--

CREATE TABLE `users` (
  `id` bigint UNSIGNED NOT NULL,
  `name` varchar(255) COLLATE utf8mb4_unicode_ci NOT NULL,
  `email` varchar(255) COLLATE utf8mb4_unicode_ci NOT NULL,
  `email_verified_at` timestamp NULL DEFAULT NULL,
  `password` varchar(255) COLLATE utf8mb4_unicode_ci NOT NULL,
  `remember_token` varchar(100) COLLATE utf8mb4_unicode_ci DEFAULT NULL,
  `created_at` timestamp NULL DEFAULT NULL,
  `updated_at` timestamp NULL DEFAULT NULL
) ENGINE=InnoDB DEFAULT CHARSET=utf8mb4 COLLATE=utf8mb4_unicode_ci;

--
-- Indexes for dumped tables
--

--
-- Indexes for table `answers`
--
ALTER TABLE `answers`
  ADD PRIMARY KEY (`id`);

--
-- Indexes for table `assessments`
--
ALTER TABLE `assessments`
  ADD PRIMARY KEY (`id`);

--
-- Indexes for table `class_departments`
--
ALTER TABLE `class_departments`
  ADD PRIMARY KEY (`id`);

--
-- Indexes for table `failed_jobs`
--
ALTER TABLE `failed_jobs`
  ADD PRIMARY KEY (`id`),
  ADD UNIQUE KEY `failed_jobs_uuid_unique` (`uuid`);

--
-- Indexes for table `migrations`
--
ALTER TABLE `migrations`
  ADD PRIMARY KEY (`id`);

--
-- Indexes for table `outcomes`
--
ALTER TABLE `outcomes`
  ADD PRIMARY KEY (`id`);

--
-- Indexes for table `outcome_question`
--
ALTER TABLE `outcome_question`
  ADD PRIMARY KEY (`id`);

--
-- Indexes for table `password_reset_tokens`
--
ALTER TABLE `password_reset_tokens`
  ADD PRIMARY KEY (`email`);

--
-- Indexes for table `personal_access_tokens`
--
ALTER TABLE `personal_access_tokens`
  ADD PRIMARY KEY (`id`),
  ADD UNIQUE KEY `personal_access_tokens_token_unique` (`token`),
  ADD KEY `personal_access_tokens_tokenable_type_tokenable_id_index` (`tokenable_type`,`tokenable_id`);

--
-- Indexes for table `questions`
--
ALTER TABLE `questions`
  ADD PRIMARY KEY (`id`);

--
-- Indexes for table `students`
--
ALTER TABLE `students`
  ADD PRIMARY KEY (`id`);

--
-- Indexes for table `subjects`
--
ALTER TABLE `subjects`
  ADD PRIMARY KEY (`id`);

--
-- Indexes for table `themes`
--
ALTER TABLE `themes`
  ADD PRIMARY KEY (`id`);

--
-- Indexes for table `units`
--
ALTER TABLE `units`
  ADD PRIMARY KEY (`id`);

--
-- Indexes for table `users`
--
ALTER TABLE `users`
  ADD PRIMARY KEY (`id`),
  ADD UNIQUE KEY `users_email_unique` (`email`);

--
-- AUTO_INCREMENT for dumped tables
--

--
-- AUTO_INCREMENT for table `answers`
--
ALTER TABLE `answers`
  MODIFY `id` bigint UNSIGNED NOT NULL AUTO_INCREMENT, AUTO_INCREMENT=65;

--
-- AUTO_INCREMENT for table `assessments`
--
ALTER TABLE `assessments`
  MODIFY `id` bigint UNSIGNED NOT NULL AUTO_INCREMENT, AUTO_INCREMENT=5;

--
-- AUTO_INCREMENT for table `class_departments`
--
ALTER TABLE `class_departments`
  MODIFY `id` bigint UNSIGNED NOT NULL AUTO_INCREMENT, AUTO_INCREMENT=9;

--
-- AUTO_INCREMENT for table `failed_jobs`
--
ALTER TABLE `failed_jobs`
  MODIFY `id` bigint UNSIGNED NOT NULL AUTO_INCREMENT;

--
-- AUTO_INCREMENT for table `migrations`
--
ALTER TABLE `migrations`
  MODIFY `id` int UNSIGNED NOT NULL AUTO_INCREMENT, AUTO_INCREMENT=26;

--
-- AUTO_INCREMENT for table `outcomes`
--
ALTER TABLE `outcomes`
  MODIFY `id` bigint UNSIGNED NOT NULL AUTO_INCREMENT, AUTO_INCREMENT=45;

--
-- AUTO_INCREMENT for table `outcome_question`
--
ALTER TABLE `outcome_question`
  MODIFY `id` bigint UNSIGNED NOT NULL AUTO_INCREMENT, AUTO_INCREMENT=81;

--
-- AUTO_INCREMENT for table `personal_access_tokens`
--
ALTER TABLE `personal_access_tokens`
  MODIFY `id` bigint UNSIGNED NOT NULL AUTO_INCREMENT;

--
-- AUTO_INCREMENT for table `questions`
--
ALTER TABLE `questions`
  MODIFY `id` bigint UNSIGNED NOT NULL AUTO_INCREMENT, AUTO_INCREMENT=83;

--
-- AUTO_INCREMENT for table `students`
--
ALTER TABLE `students`
  MODIFY `id` bigint UNSIGNED NOT NULL AUTO_INCREMENT, AUTO_INCREMENT=196;

--
-- AUTO_INCREMENT for table `subjects`
--
ALTER TABLE `subjects`
  MODIFY `id` bigint UNSIGNED NOT NULL AUTO_INCREMENT, AUTO_INCREMENT=9;

--
-- AUTO_INCREMENT for table `themes`
--
ALTER TABLE `themes`
  MODIFY `id` bigint UNSIGNED NOT NULL AUTO_INCREMENT, AUTO_INCREMENT=192858;

--
-- AUTO_INCREMENT for table `units`
--
ALTER TABLE `units`
  MODIFY `id` bigint UNSIGNED NOT NULL AUTO_INCREMENT, AUTO_INCREMENT=8;

--
-- AUTO_INCREMENT for table `users`
--
ALTER TABLE `users`
  MODIFY `id` bigint UNSIGNED NOT NULL AUTO_INCREMENT;
COMMIT;

/*!40101 SET CHARACTER_SET_CLIENT=@OLD_CHARACTER_SET_CLIENT */;
/*!40101 SET CHARACTER_SET_RESULTS=@OLD_CHARACTER_SET_RESULTS */;
/*!40101 SET COLLATION_CONNECTION=@OLD_COLLATION_CONNECTION */;
